,City,Lat,Lng,Max Temp,Humidity,Cloudiness,Wind Speed,Country,Date
0,albany,42.6001,-73.9662,36.05,44,59,4.0,US,1675362347
1,roald,62.5833,6.1333,36.75,64,0,13.8,NO,1675362386
2,sayyan,15.1718,44.3244,59.52,53,2,1.23,YE,1675362387
3,morant bay,17.8815,-76.4093,88.72,70,47,10.8,JM,1675362388
4,punta arenas,-53.15,-70.9167,68.11,37,0,27.63,CL,1675362349
5,kapaa,22.0752,-159.319,71.58,95,25,8.46,US,1675362389
6,saint-augustin,51.226,-58.6502,4.32,82,86,3.74,CA,1675362390
7,ribeira grande,38.5167,-28.7,61.2,77,20,16.11,PT,1675362390
8,sitka,57.0531,-135.33,39.09,81,100,0.0,US,1675362391
9,east london,-33.0153,27.9116,74.34,78,75,9.22,ZA,1675362391
10,ushuaia,-54.8,-68.3,69.46,40,40,13.8,AR,1675362392
11,bluff,-46.6,168.3333,61.45,97,97,5.84,NZ,1675362392
12,bad salzungen,50.8167,10.2333,38.21,100,100,3.33,DE,1675362393
13,cherskiy,68.75,161.3,-11.06,99,99,3.94,RU,1675362393
14,korla,41.7597,86.1469,23.56,70,67,4.38,CN,1675362394
15,yellowknife,62.456,-114.3525,-23.28,76,20,10.36,CA,1675362334
16,bredasdorp,-34.5322,20.0403,66.22,66,0,8.37,ZA,1675362394
17,katsuura,35.1333,140.3,43.0,75,100,12.37,JP,1675362395
18,mar del plata,-38.0023,-57.5575,77.09,87,75,17.0,AR,1675362395
19,sandwick,60.0,-1.25,48.02,93,75,31.07,GB,1675362396
20,puerto ayora,-0.7393,-90.3518,85.96,88,43,8.01,EC,1675362396
21,sorong,-0.8833,131.25,79.25,85,100,10.96,ID,1675362397
22,cape town,-33.9258,18.4232,69.35,63,0,17.27,ZA,1675362252
23,rikitea,-23.1203,-134.9692,78.96,73,69,14.25,PF,1675362398
24,zhigalovo,54.8097,105.1578,-1.03,100,100,2.06,RU,1675362400
25,harper,4.375,-7.7169,82.99,74,21,9.51,LR,1675362401
26,sobolevo,54.4299,31.8996,31.33,97,100,7.11,RU,1675362402
27,ilulissat,69.2167,-51.1,6.82,66,75,1.14,GL,1675362403
28,mataura,-46.1927,168.8643,59.68,95,89,1.23,NZ,1675362403
29,kuusamo,65.9667,29.1833,17.64,93,100,6.91,FI,1675362404
30,tuktoyaktuk,69.4541,-133.0374,-32.8,68,100,5.75,CA,1675362405
31,khatanga,71.9667,102.5,-26.63,100,92,2.62,RU,1675362275
32,avarua,-21.2078,-159.775,80.65,89,40,11.5,CK,1675362405
33,jamestown,42.097,-79.2353,34.02,40,0,19.57,US,1675362232
34,gorontalo,0.5412,123.0595,73.67,93,99,3.71,ID,1675362406
35,college,64.8569,-147.8028,10.58,85,100,0.0,US,1675362112
36,bandarbeyla,9.4942,50.8122,75.83,65,5,15.82,SO,1675362407
37,barrow,71.2906,-156.7887,-5.78,84,40,11.5,US,1675362385
38,bengkulu,-3.8004,102.2655,76.08,87,97,6.22,ID,1675362209
39,airai,-8.9266,125.4092,61.45,95,100,3.13,TL,1675362407
40,santa cruz,-17.8,-63.1667,82.45,74,75,12.66,BO,1675362408
41,pontivy,48.0,-3.0,48.78,63,100,5.12,FR,1675362409
42,atuona,-9.8,-139.0333,78.67,80,85,23.09,PF,1675362409
43,iskateley,67.6803,53.1512,10.6,96,46,9.22,RU,1675362410
44,thompson,55.7435,-97.8558,-23.64,62,0,10.36,CA,1675362238
45,port alfred,-33.5906,26.891,70.18,91,51,1.99,ZA,1675362411
46,muroto,33.2833,134.15,45.75,70,85,14.76,JP,1675362164
47,benguela,-12.5763,13.4055,78.75,75,94,7.31,AO,1675362412
48,uyuni,-20.4597,-66.825,66.69,18,5,12.93,BO,1675362412
49,hithadhoo,-0.6,73.0833,82.58,65,55,15.08,MV,1675362412
50,saint george,37.1041,-113.5841,43.43,38,0,4.61,US,1675362403
51,carnarvon,-24.8667,113.6333,82.08,66,29,9.33,AU,1675362413
52,vaini,-21.2,-175.2,78.96,89,75,12.66,TO,1675362413
53,arraial do cabo,-22.9661,-42.0278,91.36,70,75,13.8,BR,1675362414
54,hasaki,35.7333,140.8333,39.22,62,100,11.27,JP,1675362414
55,geraldton,-28.7667,114.6,81.01,36,24,8.05,AU,1675362415
56,georgetown,5.4112,100.3354,78.73,98,20,3.44,MY,1675361664
57,pismo beach,35.1428,-120.6413,63.79,49,100,4.0,US,1675362415
58,bridlington,54.0831,-0.1919,51.89,77,100,22.46,GB,1675362416
59,balikpapan,-1.2675,116.8289,77.99,94,40,4.61,ID,1675362417
60,dhanbad,23.8,86.45,61.59,29,71,4.65,IN,1675362417
61,kidal,18.4411,1.4078,80.67,8,26,9.33,ML,1675362418
62,butaritari,3.0707,172.7902,80.35,78,100,18.66,KI,1675362419
63,xinmin,41.9908,122.8253,17.55,38,100,6.6,CN,1675362420
64,dehloran,32.6941,47.2679,52.92,64,51,4.99,IR,1675362420
65,sao paulo de olivenca,-3.3783,-68.8725,73.94,98,100,0.76,BR,1675362421
66,biak,-0.9131,122.8766,76.19,78,100,4.43,ID,1675362422
67,bubaque,11.2833,-15.8333,77.59,67,80,14.56,GW,1675362423
68,mahebourg,-20.4081,57.7,80.89,83,40,3.44,MU,1675362425
69,hobyo,5.3505,48.5268,76.48,71,96,17.72,SO,1675362425
70,tuatapere,-46.1333,167.6833,62.53,97,99,3.15,NZ,1675362426
71,muros,42.7762,-9.0603,52.14,78,0,4.03,ES,1675362427
72,mount gambier,-37.8333,140.7667,51.35,77,81,15.55,AU,1675362428
73,torbay,47.6666,-52.7314,20.57,65,40,17.27,CA,1675362429
74,kutum,14.2,24.6667,65.86,21,36,9.98,SD,1675362429
75,saint-philippe,-21.3585,55.7679,78.39,87,70,14.92,RE,1675362429
76,cabo san lucas,22.8909,-109.9124,71.62,54,0,4.61,MX,1675362430
77,kedougou,12.5579,-12.1743,99.18,16,0,4.61,SN,1675362431
78,faya,18.3851,42.4509,57.31,74,12,2.3,SA,1675362432
79,bronnoysund,65.4625,12.1997,30.2,93,40,4.61,NO,1675362432
80,hermanus,-34.4187,19.2345,66.79,73,2,5.99,ZA,1675362433
81,sambava,-14.2667,50.1667,77.86,87,5,13.29,MG,1675362433
82,narsaq,60.9167,-46.05,17.82,95,52,4.54,GL,1675362434
83,ginir,7.1333,40.7,64.11,30,70,2.82,ET,1675362434
84,teya,60.3778,92.6267,4.51,98,100,3.76,RU,1675362435
85,codrington,-38.2667,141.9667,51.98,76,100,22.97,AU,1675362436
86,opuwo,-18.0607,13.84,80.15,33,92,7.02,NA,1675362438
87,pisco,-13.7,-76.2167,82.45,61,0,18.41,PE,1675362439
88,synya,65.3718,58.0387,22.44,94,97,8.7,RU,1675362440
89,kavieng,-2.5744,150.7967,81.68,74,100,5.23,PG,1675362441
90,hobart,-42.8794,147.3294,47.05,92,63,5.75,AU,1675362344
91,haines junction,60.7522,-137.5108,-0.45,85,100,0.0,CA,1675362442
92,castro,-24.7911,-50.0119,74.26,82,33,8.75,BR,1675362443
93,nakamura,32.9833,132.9333,45.1,76,91,2.91,JP,1675362163
94,nyimba,-14.5566,30.8149,70.92,95,49,3.87,ZM,1675362445
95,tasiilaq,65.6145,-37.6368,26.76,68,100,23.91,GL,1675362448
96,ancud,-41.8697,-73.8203,64.02,66,7,7.96,CL,1675362449
97,san patricio,28.017,-97.5169,42.75,85,100,11.05,US,1675362451
98,new norfolk,-42.7826,147.0587,46.71,74,52,2.33,AU,1675362453
99,nanortalik,60.1432,-45.2371,18.91,75,100,18.92,GL,1675362454
100,husavik,66.0449,-17.3389,31.77,83,100,31.29,IS,1675362455
101,la rioja,42.25,-2.5,35.38,74,0,5.12,ES,1675362455
102,shahrud,36.4182,54.9763,38.57,52,1,6.73,IR,1675362429
103,lompoc,34.6391,-120.4579,61.7,54,100,27.0,US,1675362456
104,cockburn town,21.4612,-71.1419,76.69,69,23,16.96,TC,1675362314
105,laguna,38.421,-121.4238,53.76,70,0,0.0,US,1675362457
106,talnakh,69.4865,88.3972,13.21,96,100,8.03,RU,1675362457
107,skibbereen,51.55,-9.2667,51.12,78,100,20.04,IE,1675362457
108,junagarh,19.8667,82.9333,62.38,21,86,1.72,IN,1675362458
109,freeport,40.6576,-73.5832,40.17,41,0,12.66,US,1675362460
110,iqaluit,63.7506,-68.5145,-33.07,61,20,6.91,CA,1675362460
111,lebu,-37.6167,-73.65,63.86,65,0,23.47,CL,1675362461
112,whitehorse,60.7161,-135.0538,5.77,78,20,10.36,CA,1675362461
113,quang ngai,15.1167,108.8,72.64,95,80,1.83,VN,1675362462
114,bambanglipuro,-7.95,110.2833,74.82,93,100,3.65,ID,1675362463
115,tombouctou,20.0,-3.0,69.03,11,20,11.43,ML,1675362464
116,upernavik,72.7868,-56.1549,-8.91,81,97,4.61,GL,1675362464
117,tokmak,47.2514,35.7058,33.78,78,91,7.67,UA,1675362465
118,guanica,17.9716,-66.908,84.22,68,17,16.13,PR,1675362466
119,vilyuysk,63.7553,121.6247,-11.18,99,100,1.63,RU,1675362467
120,souillac,-20.5167,57.5167,80.98,83,40,3.44,MU,1675362468
121,flinders,-34.5833,150.8552,68.38,53,45,8.14,AU,1675362468
122,lazaro cardenas,17.9583,-102.2,86.05,33,3,5.61,MX,1675362469
123,florence,43.7667,11.25,49.75,85,0,3.44,IT,1675362469
124,belaya gora,68.5333,146.4167,-16.64,100,99,2.62,RU,1675362470
125,busselton,-33.65,115.3333,62.42,79,0,14.47,AU,1675362471
126,mindyak,54.0231,58.7891,2.95,88,61,1.92,RU,1675362471
127,port elizabeth,-33.918,25.5701,72.1,86,75,10.36,ZA,1675362472
128,nikolskoye,59.7035,30.7861,30.09,97,100,1.97,RU,1675362472
129,rameswaram,9.2833,79.3,78.37,84,100,21.45,IN,1675362473
130,kloulklubed,7.0419,134.2556,79.3,72,96,20.69,PW,1675362474
131,coihaique,-45.5752,-72.0662,70.41,49,40,8.05,CL,1675362475
132,plettenberg bay,-34.0527,23.3716,66.22,82,22,3.15,ZA,1675362475
133,bonfim,3.0833,-59.95,92.62,38,86,6.02,BR,1675362476
134,beloha,-25.1667,45.05,72.86,78,38,16.13,MG,1675362476
135,cidreira,-30.1811,-50.2056,80.67,72,12,13.13,BR,1675362477
136,uruacu,-14.5247,-49.1408,82.98,65,51,4.54,BR,1675362479
137,qaanaaq,77.484,-69.3632,-2.85,54,1,10.22,GL,1675362479
138,jiuquan,39.7432,98.5174,22.3,50,36,3.29,CN,1675362480
139,kishi,9.0833,3.85,91.94,24,13,4.72,NG,1675362481
140,osmena,10.5208,119.9258,79.77,85,98,18.39,PH,1675362481
141,ust-tsilma,65.441,52.1498,2.41,100,83,3.04,RU,1675362482
142,tual,-5.6667,132.75,83.08,79,61,14.58,ID,1675362483
143,meulaboh,4.1363,96.1285,77.79,84,98,1.92,ID,1675362484
144,lasa,46.6166,10.7002,38.28,96,54,8.16,IT,1675362484
145,huarmey,-10.0681,-78.1522,76.96,71,46,9.31,PE,1675362485
146,eregli,37.5133,34.0467,21.61,62,7,6.55,TR,1675362486
147,nemuro,43.3236,145.575,15.35,73,25,18.99,JP,1675362486
148,kandrian,-6.2167,149.55,78.08,88,95,9.57,PG,1675362487
149,hilo,19.7297,-155.09,79.29,78,0,5.75,US,1675362487
150,burnie,-41.0667,145.9167,46.58,87,52,4.47,AU,1675362488
151,chokurdakh,70.6333,147.9167,-13.22,99,100,5.26,RU,1675362488
152,tiksi,71.6872,128.8694,-20.45,98,99,7.61,RU,1675362489
153,leningradskiy,69.3833,178.4167,-13.34,99,99,7.54,RU,1675362489
154,marzuq,14.4,46.4667,66.31,61,6,6.26,YE,1675362490
155,coolum beach,-26.5333,153.1,78.12,87,86,3.62,AU,1675362390
156,kaka,37.3482,59.6143,44.74,77,13,2.89,TM,1675362491
157,poum,-20.2333,164.0167,81.32,71,100,16.91,NC,1675362491
158,kingaroy,-26.5333,151.8333,68.27,96,55,1.79,AU,1675362492
159,umm lajj,25.0213,37.2685,67.21,57,0,14.09,SA,1675362493
160,klaksvik,62.2266,-6.589,41.92,99,100,24.2,FO,1675362493
161,ketchikan,55.3422,-131.6461,40.98,87,100,24.16,US,1675362494
162,port hardy,50.6996,-127.4199,42.98,75,100,25.32,CA,1675362494
163,talkha,31.0539,31.3779,51.78,72,70,3.33,EG,1675362495
164,santander,43.4647,-3.8044,49.46,72,0,10.0,ES,1675362295
165,saint stephen,50.3333,-4.9,49.15,93,40,17.27,GB,1675362496
166,vila velha,-20.3297,-40.2925,87.75,70,20,17.27,BR,1675362496
167,bathsheba,13.2167,-59.5167,84.81,58,40,20.71,BB,1675362497
168,walvis bay,-22.9575,14.5053,66.09,77,0,3.44,NA,1675362222
169,palembang,-2.9167,104.7458,78.89,94,75,3.44,ID,1675362497
170,catuday,16.2923,119.8062,77.13,76,5,10.76,PH,1675362498
171,muzhi,65.3667,64.6667,1.65,99,52,2.95,RU,1675362499
172,fortuna,40.5982,-124.1573,56.32,33,0,20.71,US,1675362499
173,labuhan,-6.8844,112.2051,75.45,91,100,7.58,ID,1675362500
174,povolzhskiy,53.5854,49.7629,20.82,98,100,4.74,RU,1675362500
175,easley,34.8298,-82.6015,47.17,95,100,1.01,US,1675362501
176,kaitangata,-46.2817,169.8464,62.73,82,100,5.37,NZ,1675362502
177,tartagal,-22.5164,-63.8013,99.12,24,7,8.5,AR,1675362502
178,galesong,-5.3166,119.3661,73.42,90,100,5.79,ID,1675362503
179,lagoa,39.05,-27.9833,57.54,80,7,20.6,PT,1675362503
180,nuuk,64.1835,-51.7216,11.01,67,100,17.0,GL,1675362369
181,praia da vitoria,38.7333,-27.0667,60.76,82,20,13.04,PT,1675362504
182,ciudad guayana,8.3533,-62.6528,88.52,56,35,6.46,VE,1675362233
183,saint simons,31.1352,-81.3901,80.06,64,0,16.11,US,1675362504
184,victoria,22.2855,114.1577,64.45,85,82,13.0,HK,1675362505
185,provideniya,64.3833,-173.3,9.39,94,49,12.26,RU,1675362506
186,severo-kurilsk,50.6789,156.125,29.37,96,100,41.34,RU,1675362506
187,palmer,42.1584,-72.3287,37.62,38,40,16.11,US,1675362308
188,moramanga,-18.9333,48.2,65.17,98,84,5.39,MG,1675362507
189,conceicao do araguaia,-8.2578,-49.2647,84.06,67,100,4.74,BR,1675362214
190,seoul,37.5683,126.9778,26.2,50,0,4.61,KR,1675362308
191,kodiak,57.79,-152.4072,24.31,86,0,5.75,US,1675362508
192,coquimbo,-29.9533,-71.3436,69.53,68,20,12.66,CL,1675362244
193,sur,22.5667,59.5289,68.49,66,2,8.43,OM,1675362509
194,petropavlovsk-kamchatskiy,53.0452,158.6483,5.59,61,75,11.18,RU,1675362409
195,caravelas,-17.7125,-39.2481,85.98,47,7,10.69,BR,1675362509
196,tabuk,17.4189,121.4443,71.11,97,62,2.8,PH,1675362510
197,samana,19.2056,-69.3369,80.82,74,75,9.22,DO,1675362511
198,grand gaube,-20.0064,57.6608,81.0,81,10,1.99,MU,1675362511
199,westport,41.1415,-73.3579,39.9,47,0,10.36,US,1675362511
200,shalya,57.2471,58.7298,11.64,99,97,2.75,RU,1675362511
201,nome,64.5011,-165.4064,15.87,100,100,5.75,US,1675362512
202,pilar,-9.5972,-35.9567,85.93,55,81,12.62,BR,1675362513
203,iranshahr,27.2025,60.6848,64.74,48,0,0.0,IR,1675362514
204,dingle,10.9995,122.6711,73.54,95,60,7.23,PH,1675362515
205,havre,49.5833,0.3333,49.19,87,100,17.27,FR,1675362515
206,hutchinson,38.0608,-97.9298,44.73,46,0,5.75,US,1675362482
207,alice springs,-23.7,133.8833,58.55,88,0,6.91,AU,1675362516
208,nishihara,26.1842,127.7558,61.88,72,100,5.75,JP,1675362517
209,qasigiannguit,68.8193,-51.1922,7.05,92,99,4.61,GL,1675362517
210,aklavik,68.2191,-135.0107,-32.8,68,20,8.05,CA,1675362518
211,maniitsoq,65.4167,-52.9,11.32,84,100,19.75,GL,1675362518
212,faanui,-16.4833,-151.75,81.39,75,4,19.01,PF,1675362519
213,puerto escondido,15.85,-97.0667,83.23,74,20,9.22,MX,1675362519
214,ostrovnoy,68.0531,39.5131,16.45,92,97,7.61,RU,1675362520
215,trelew,-43.249,-65.3051,88.61,21,93,5.68,AR,1675362285
216,bambous virieux,-20.3428,57.7575,80.85,83,40,3.44,MU,1675362521
217,bolobo,-2.1667,16.2333,78.13,69,91,3.6,CD,1675362521
218,atambua,-9.1061,124.8925,74.1,91,100,2.84,ID,1675362522
219,emba,48.8264,58.1442,12.61,82,86,8.28,KZ,1675362523
220,port augusta,-32.5,137.7667,61.39,45,16,17.63,AU,1675362523
221,guozhen,34.3659,107.359,33.98,55,56,0.07,CN,1675362523
222,puerto del rosario,28.5004,-13.8627,64.15,59,0,11.5,ES,1675362524
223,caiaponia,-16.9567,-51.8103,82.89,60,79,9.35,BR,1675362524
224,zhigansk,66.7697,123.3711,-28.98,97,100,8.9,RU,1675362525
225,sabzevar,36.2126,57.6819,45.73,54,13,2.55,IR,1675362526
226,te anau,-45.4167,167.7167,61.63,97,82,2.44,NZ,1675362526
227,hualmay,-11.0964,-77.6139,77.32,69,77,10.18,PE,1675362527
228,gagesti,46.3333,27.9667,28.87,97,91,2.82,RO,1675362528
229,lodja,-3.4833,23.4333,70.25,97,58,2.46,CD,1675362529
230,fortuna foothills,32.6578,-114.4119,63.21,26,0,14.97,US,1675362529
231,gutersloh,51.9,8.3833,45.9,98,100,6.71,DE,1675362530
232,gat,31.61,34.7642,54.28,66,77,8.1,IL,1675362531
233,salekhard,66.53,66.6019,3.7,96,37,5.73,RU,1675362274
234,lavrentiya,65.5833,-171.0,1.54,93,40,8.77,RU,1675362531
235,katobu,-4.9408,122.5276,74.05,96,100,3.89,ID,1675362532
236,kindersley,51.4668,-109.1682,-5.78,65,100,17.27,CA,1675362053
237,esperance,-33.8667,121.9,62.1,70,72,12.12,AU,1675362533
238,nadym,65.5333,72.5167,6.21,96,18,5.75,RU,1675362533
239,mopipi,-21.1833,24.8833,82.35,49,82,4.52,BW,1675362533
240,itarema,-2.9248,-39.9167,85.37,62,84,13.94,BR,1675362534
241,chuy,-33.6971,-53.4616,75.97,69,92,12.77,UY,1675362527
242,biltine,14.5333,20.9167,80.04,15,34,11.54,TD,1675362534
243,acapulco,16.8634,-99.8901,85.82,45,0,4.61,MX,1675362373
244,honiara,-9.4333,159.95,77.25,87,100,2.3,SB,1675362535
245,soe,-9.8607,124.284,66.34,95,100,3.29,ID,1675362536
246,belyy yar,53.6039,91.3903,-11.31,92,56,2.24,RU,1675362537
247,chulman,56.8479,124.9104,-12.12,100,100,1.97,RU,1675362537
248,moose jaw,50.4001,-105.5344,-7.33,59,100,4.61,CA,1675362538
249,bafoulabe,13.8065,-10.8321,96.55,10,51,3.47,ML,1675362538
250,les cayes,18.2,-73.75,82.6,59,5,11.41,HT,1675362539
251,yerbogachen,61.2767,108.0108,5.11,95,100,9.48,RU,1675362540
252,gravdal,68.1214,13.5031,31.89,80,40,8.05,NO,1675362540
253,juneau,58.3019,-134.4197,31.21,100,100,6.64,US,1675362464
254,padang,-0.9492,100.3543,77.05,83,97,4.05,ID,1675362541
255,luderitz,-26.6481,15.1594,70.65,55,9,25.93,NA,1675362541
256,west plains,36.7281,-91.8524,37.22,57,40,3.44,US,1675362543
257,makakilo city,21.3469,-158.0858,71.92,84,0,4.61,US,1675362544
258,sept-iles,50.2001,-66.3821,18.05,63,75,5.75,CA,1675362544
259,shebalino,51.2917,85.6772,14.59,81,30,5.17,RU,1675362544
260,linhares,-19.3911,-40.0722,87.39,54,78,5.73,BR,1675362545
261,ouesso,1.6136,16.0517,75.02,77,69,4.21,CG,1675362545
262,kysyl-syr,63.8986,122.7617,-20.72,98,100,6.67,RU,1675362546
263,axim,4.8699,-2.2405,82.56,74,46,7.58,GH,1675362439
264,mbuyapey,-26.2,-56.75,92.89,41,71,2.15,PY,1675362547
265,lensk,60.7253,114.9278,3.0,94,100,11.34,RU,1675362548
266,ponta do sol,32.6667,-17.1,63.72,59,52,9.15,PT,1675362550
267,lianzhou,24.7811,112.3825,51.22,66,100,5.73,CN,1675362550
268,mwinilunga,-11.7358,24.4293,63.75,91,73,1.88,ZM,1675362551
269,grindavik,63.8424,-22.4338,36.72,77,99,36.89,IS,1675362551
270,bilibino,68.0546,166.4372,-1.16,96,100,2.01,RU,1675362552
271,buluang,13.3068,123.3425,73.81,93,20,5.03,PH,1675362553
272,alofi,-19.0595,-169.9187,71.49,100,100,1.14,NU,1675362553
273,zastron,-30.3023,27.084,68.45,48,58,4.54,ZA,1675362554
274,beringovskiy,63.05,179.3167,13.12,95,100,12.12,RU,1675362554
275,cam ranh,11.9214,109.1591,76.96,83,75,10.36,VN,1675362555
276,yumen,40.2833,97.2,21.43,39,3,6.24,CN,1675362555
277,bodden town,19.2833,-81.25,86.0,69,20,17.27,KY,1675362548
278,isangel,-19.55,169.2667,79.47,87,22,5.99,VU,1675362556
279,shelburne,44.0787,-80.2041,30.65,78,43,23.31,CA,1675362557
280,norman wells,65.282,-126.8329,-36.36,67,20,2.3,CA,1675362510
281,lakselv,70.0513,24.9718,10.22,85,40,3.44,NO,1675362557
282,cuilco,15.4,-91.9667,81.93,27,3,4.65,GT,1675362558
283,port blair,11.6667,92.75,78.84,78,40,2.3,IN,1675362462
284,posse,-14.0931,-46.3694,85.89,41,91,1.66,BR,1675362559
285,banapur,19.7833,85.1833,69.98,71,36,2.08,IN,1675362559
286,san juan,-31.5375,-68.5364,84.78,36,16,3.89,AR,1675362203
287,lorengau,-2.0226,147.2712,80.06,80,64,2.33,PG,1675362560
288,samoylovka,51.184,43.7081,27.91,97,100,8.95,RU,1675362561
289,hirara,24.8,125.2833,66.51,79,100,18.23,JP,1675362272
290,namatanai,-3.6667,152.4333,80.06,81,75,4.61,PG,1675362554
291,vredendal,-31.6683,18.5012,66.58,59,0,17.6,ZA,1675362563
292,buin,-33.7333,-70.75,94.05,9,0,10.74,CL,1675362563
293,lokosovo,61.1333,74.8167,3.99,100,95,4.23,RU,1675362564
294,gamba,-2.65,10.0,79.93,84,63,7.4,GA,1675362564
295,karratha,-20.7377,116.8463,85.89,66,36,6.96,AU,1675362564
296,edson,53.5835,-116.4356,-0.26,85,20,3.44,CA,1675362343
297,goderich,43.7501,-81.7165,31.91,64,90,18.41,CA,1675362385
298,sao filipe,14.8961,-24.4956,71.98,72,65,12.59,CV,1675362566
299,florianopolis,-27.6146,-48.5012,86.63,80,40,12.66,BR,1675362382
300,mehamn,71.0357,27.8492,26.51,86,75,3.44,NO,1675362535
301,hanting,36.7708,119.2108,29.23,45,97,4.34,CN,1675362566
302,odweyne,9.4092,45.064,68.47,43,18,11.12,SO,1675362566
303,sainte-marie,-20.8968,55.5496,78.96,82,75,6.91,RE,1675362567
304,vaghodia,22.3,73.3833,69.51,17,32,7.16,IN,1675362568
305,dhidhdhoo,6.8833,73.1,80.2,75,98,10.96,MV,1675362568
306,bouza,14.4229,6.0428,81.3,15,48,7.65,NE,1675362569
307,takoradi,4.8845,-1.7554,82.35,76,36,8.03,GH,1675362569
308,bulawayo,-20.15,28.5833,68.2,77,80,5.82,ZW,1675362570
309,asau,46.4333,26.4,31.12,92,75,6.13,RO,1675362570
310,longyearbyen,78.2186,15.6401,6.64,72,40,18.41,SJ,1675362571
311,menemen,38.6075,27.0694,47.98,71,40,8.05,TR,1675362572
312,moscow,55.7522,37.6156,31.37,95,99,9.31,RU,1675362347
313,gimli,50.6336,-96.9907,-16.58,58,100,10.36,CA,1675362572
314,ta khmau,11.4833,104.95,80.65,83,40,8.05,KH,1675362573
315,vila,42.0304,-8.1588,40.08,72,0,2.93,PT,1675362574
316,bethel,41.3712,-73.414,39.02,43,0,13.8,US,1675362545
317,bay roberts,47.5999,-53.2648,21.33,64,22,5.99,CA,1675362575
318,bulqize,41.4917,20.2219,37.72,90,51,5.12,AL,1675362575
319,jalu,29.0331,21.5482,56.28,44,7,5.88,LY,1675362576
320,kilrush,52.6397,-9.4833,49.75,84,79,19.95,IE,1675362577
321,de-kastri,51.4667,140.7833,-9.56,99,74,5.32,RU,1675362577
322,akdepe,42.0551,59.3788,35.69,83,87,6.44,TM,1675362578
323,inuvik,68.3499,-133.7218,-28.34,68,20,2.3,CA,1675362578
324,santa isabel do rio negro,-0.4139,-65.0192,92.59,41,48,4.5,BR,1675362579
325,kieta,-6.2167,155.6333,78.51,87,100,5.39,PG,1675362579
326,balkanabat,39.5108,54.3671,48.69,63,8,11.05,TM,1675362580
327,mackay,-21.15,149.2,80.08,77,73,9.73,AU,1675362581
328,lagunas,-5.2269,-75.6753,94.62,32,80,5.73,PE,1675362581
329,kalevala,65.2,31.1667,2.46,100,85,2.95,RU,1675362582
330,mitsamiouli,-11.3847,43.2844,82.04,77,100,1.25,KM,1675362582
331,port-gentil,-0.7193,8.7815,78.76,83,20,4.61,GA,1675362583
332,ponta delgada,37.7333,-25.6667,61.52,77,20,12.66,PT,1675362583
333,gushikawa,26.3544,127.8686,61.83,87,0,0.0,JP,1675362584
334,amarante do maranhao,-5.5667,-46.7422,80.17,84,83,2.13,BR,1675362584
335,khandyga,62.6667,135.6,-38.31,100,92,2.66,RU,1675362585
336,pevek,69.7008,170.3133,-12.03,100,100,1.28,RU,1675362570
337,kostyantynivka,48.5277,37.7069,32.5,81,100,5.5,UA,1675362586
338,godfrey,38.9556,-90.1868,45.7,46,0,9.22,US,1675362586
339,ambon,-3.6954,128.1814,78.94,83,40,6.91,ID,1675362586
340,tamandare,-8.7597,-35.1047,83.12,64,53,9.89,BR,1675362588
341,bowen,-20.0167,148.2333,78.26,87,96,10.0,AU,1675362588
342,henties bay,-22.116,14.2845,65.1,83,56,9.06,NA,1675362589
343,qandala,11.472,49.8728,74.05,71,1,2.93,SO,1675362589
344,la palma,33.8464,-118.0467,68.11,42,40,1.99,US,1675362590
345,kahului,20.8947,-156.47,69.96,94,20,3.44,US,1675362591
346,naryan-mar,67.6713,53.087,11.05,96,50,9.15,RU,1675362591
347,olinda,-8.0089,-34.8553,85.73,62,40,11.5,BR,1675362592
348,port arthur,38.8,121.2667,26.13,47,100,4.09,CN,1675362294
349,richards bay,-28.783,32.0377,74.59,89,81,1.99,ZA,1675362593
350,riyadh,24.6877,46.7219,60.94,40,0,10.42,SA,1675362361
351,fairbanks,64.8378,-147.7164,10.6,86,100,0.0,US,1675362481
352,faro,37.0194,-7.9322,56.97,71,0,6.91,PT,1675362593
353,kruisfontein,-34.0033,24.7314,69.89,84,7,6.35,ZA,1675362594
354,maloy,61.9353,5.1136,35.33,69,100,11.23,NO,1675362595
355,ayan,56.45,138.1667,-11.27,80,70,8.77,RU,1675362596
356,kautokeino,69.0125,23.0412,-5.89,100,36,2.01,NO,1675362582
357,xihua,33.7833,114.5167,29.48,53,40,4.61,CN,1675362599
358,ballina,-28.8667,153.5667,72.01,99,30,4.23,AU,1675362599
359,slavonski brod,45.1603,18.0156,44.19,79,99,9.84,HR,1675362600
360,mayskiy,47.6931,40.1025,31.41,89,88,4.88,RU,1675362600
361,kijang,35.2442,129.2139,33.53,43,100,5.91,KR,1675362602
362,borogontsy,62.6683,131.1683,-28.91,98,100,3.67,RU,1675362467
363,salinopolis,-0.6136,-47.3561,73.74,91,100,3.85,BR,1675362605
364,oxapampa,-10.5775,-75.4017,64.85,94,100,3.13,PE,1675362606
365,adrar,20.5022,-10.0711,65.73,13,3,12.08,MR,1675362607
366,stornoway,58.2093,-6.3865,51.76,90,75,28.77,GB,1675362609
367,rio gallegos,-51.6226,-69.2181,77.05,47,75,13.8,AR,1675362370
368,sola,-13.8833,167.55,74.07,100,20,0.0,VU,1675362605
369,teeli,51.0333,90.2333,-10.86,83,10,2.13,RU,1675362611
370,sinnamary,5.3833,-52.95,79.61,78,52,8.48,GF,1675362612
371,mayumba,-3.432,10.6554,80.37,86,60,9.06,GA,1675362613
372,songjianghe,42.1859,127.479,-3.82,94,100,3.33,CN,1675362614
373,nicoya,10.1483,-85.452,91.63,34,95,13.44,CR,1675362616
374,poya,-21.35,165.15,75.7,81,96,5.84,NC,1675362618
375,kaeo,-35.1,173.7833,72.32,97,100,8.25,NZ,1675362618
376,gambela,8.25,34.5833,89.58,18,100,3.96,ET,1675362619
377,marienburg,54.0359,19.0266,33.89,83,95,14.47,PL,1675362621
378,kuah,6.3265,99.8432,80.58,78,20,0.0,MY,1675362622
379,acarau,-2.8856,-40.12,83.82,67,100,14.32,BR,1675362623
380,kodinsk,58.6881,99.1844,8.6,96,100,4.68,RU,1675362624
381,namibe,-15.1961,12.1522,73.09,77,22,7.27,AO,1675362636
382,maningrida,-12.0667,134.2667,78.44,88,99,9.6,AU,1675362641
383,paamiut,61.994,-49.6678,9.95,86,100,14.81,GL,1675362646
384,den helder,52.9599,4.7593,48.94,91,100,16.11,NL,1675362647
385,bairiki,1.3292,172.9752,80.6,83,20,9.22,KI,1675362647
386,port lincoln,-34.7333,135.8667,58.91,55,100,21.77,AU,1675362632
387,bojonegoro,-7.1502,111.8817,74.3,94,100,2.48,ID,1675362648
388,kirakira,-10.4544,161.9205,78.55,83,63,3.89,SB,1675362648
389,orlik,52.5178,99.825,-15.52,93,18,2.39,RU,1675362651
390,yulara,-25.2406,130.9889,67.77,40,0,7.96,AU,1675362652
391,ayagoz,47.9714,80.4392,9.09,87,100,7.65,KZ,1675362652
392,udachnyy,66.4167,112.4,-20.56,74,100,3.65,RU,1675362653
393,xining,36.6167,101.7667,26.19,25,0,3.4,CN,1675362654
394,marawi,7.9986,124.2928,65.89,95,100,0.85,PH,1675362655
395,patacamaya,-17.2333,-67.9167,57.85,48,99,7.27,BO,1675362655
396,hambantota,6.1241,81.1185,75.54,100,75,6.91,LK,1675362656
397,tokonou,9.65,-9.7833,84.52,12,53,4.16,GN,1675362656
398,clyde river,70.4692,-68.5914,-19.97,57,20,8.05,CA,1675362658
399,ukiah,39.1502,-123.2078,54.16,52,100,5.23,US,1675362604
400,almaznyy,48.0448,40.045,32.22,89,98,7.31,RU,1675362658
401,sarahan,31.5167,77.8,39.29,60,92,9.62,IN,1675362659
402,goure,13.9835,10.2704,75.02,16,100,9.26,NE,1675362660
403,hami,42.8,93.45,24.04,63,13,4.18,CN,1675362660
404,solnechnyy,50.7214,136.6319,-16.55,98,16,3.38,RU,1675362661
405,comodoro rivadavia,-45.8667,-67.5,80.46,22,0,11.5,AR,1675362662
406,ilhabela,-23.7781,-45.3581,84.78,67,12,6.11,BR,1675362663
407,vardo,70.3705,31.1107,27.34,74,100,8.75,NO,1675362664
408,shadrinsk,56.0852,63.6335,0.84,94,81,4.88,RU,1675362665
409,nago,26.5881,127.9761,54.03,72,0,6.93,JP,1675362666
410,khandagayty,50.7333,92.05,-13.07,85,8,4.7,RU,1675362667
411,salinas,36.6777,-121.6555,57.56,66,0,17.27,US,1675362643
412,scottsbluff,41.8666,-103.6672,34.97,55,0,0.0,US,1675362669
413,priekule,56.4468,21.5897,33.12,74,99,7.96,LV,1675362670
414,aktau,43.65,51.2,34.38,69,100,9.22,KZ,1675362671
415,loreto,22.2667,-101.9667,70.56,26,100,12.62,MX,1675362672
416,awassa,7.05,38.4667,67.82,29,100,6.8,ET,1675362674
417,palora,-1.7,-77.9333,69.91,50,98,2.24,EC,1675362674
418,dakar,14.6937,-17.4441,83.28,68,0,13.8,SN,1675362676
419,srednekolymsk,67.45,153.6833,-29.54,100,97,2.42,RU,1675362587
420,saldanha,-33.0117,17.9442,66.25,81,0,21.3,ZA,1675362580
421,bhachau,23.2833,70.35,67.78,23,3,7.18,IN,1675362476
422,kalawit,8.0667,122.5167,75.94,90,86,7.92,PH,1675362680
423,dikson,73.5069,80.5464,3.33,92,100,7.0,RU,1675362580
424,puri,19.8,85.85,64.92,70,39,5.5,IN,1675362692
425,evensk,61.95,159.2333,-6.29,85,26,7.81,RU,1675362692
426,staraya poltavka,50.4772,46.4814,23.56,93,100,4.88,RU,1675362693
427,wanning,18.8003,110.3967,71.13,95,100,6.78,CN,1675362694
428,jeremie,18.65,-74.1167,81.05,65,12,6.78,HT,1675362694
429,ixtapa,20.7,-105.2,76.23,61,0,5.75,MX,1675362695
430,nawa,27.0167,75.0,59.41,30,0,4.47,IN,1675362695
431,tadine,-21.55,167.8833,78.78,85,97,6.06,NC,1675362696
432,krasnoselkup,65.7,82.4667,0.5,99,52,8.52,RU,1675362697
433,pitimbu,-7.4706,-34.8086,86.59,64,7,12.71,BR,1675362697
434,atbasar,51.8,68.3333,-2.36,90,25,6.29,KZ,1675362698
435,vila do maio,15.1333,-23.2167,74.19,74,50,20.22,CV,1675362699
436,oktyabrskoye,43.0645,44.7417,32.14,93,100,6.71,RU,1675362699
437,alekseyevka,50.6309,38.6903,27.9,96,96,6.69,RU,1675362700
438,kamaishi,39.2667,141.8833,26.62,63,40,7.47,JP,1675362701
439,kavaratti,10.5669,72.642,79.75,79,46,6.53,IN,1675362701
440,lupiro,-8.3833,36.6667,73.0,93,82,1.83,TZ,1675362702
441,san lorenzo,-25.3333,-57.5333,95.94,44,75,5.99,PY,1675362703
442,nyrob,60.733,56.7202,4.15,99,77,3.33,RU,1675362703
443,tiarei,-17.5333,-149.3333,84.22,82,3,21.36,PF,1675362704
444,vostok,46.4856,135.8833,-8.39,99,100,5.88,RU,1675362704
445,oistins,13.0667,-59.5333,84.29,58,40,20.71,BB,1675362563
446,verkhnevilyuysk,63.4453,120.3167,-22.16,98,100,3.42,RU,1675362705
447,batagay-alyta,67.8006,130.4114,-27.13,100,99,1.5,RU,1675362705
448,havelock,34.8791,-76.9013,42.75,90,100,9.22,US,1675362706
449,nantucket,41.2835,-70.0995,35.74,53,0,12.66,US,1675362693
450,owensboro,37.7742,-87.1133,36.16,60,0,5.75,US,1675362707
451,quatre cocos,-20.2078,57.7625,80.71,83,40,9.55,MU,1675362708
452,iquique,-20.2208,-70.1431,77.04,74,26,7.76,CL,1675362477
453,morros,-9.4467,-46.3003,81.37,65,100,5.44,BR,1675362708
454,flin flon,54.7682,-101.865,-20.36,57,0,8.05,CA,1675362708
455,shemonaikha,50.6328,81.9056,11.35,98,100,1.7,KZ,1675362709
456,capoterra,39.1763,8.9718,54.5,79,40,4.61,IT,1675362710
457,qui nhon,13.7667,109.2333,74.75,90,34,8.08,VN,1675362710
458,vanavara,60.34,102.2797,8.6,94,100,7.87,RU,1675362711
459,ambovombe,-25.1667,46.0833,72.39,84,25,14.45,MG,1675362711
460,yegorlykskaya,46.5656,40.6562,33.01,71,18,4.74,RU,1675362713
461,kanniyakumari,8.0833,77.5667,77.23,80,100,17.85,IN,1675362713
462,naze,28.3667,129.4833,50.92,68,2,7.61,JP,1675362553
463,birjand,32.8663,59.2211,45.07,100,75,4.61,IR,1675362716
464,kapoeta,4.7717,33.5903,88.0,27,50,4.29,SS,1675362587
465,yatou,37.15,122.3833,27.97,64,100,4.52,CN,1675362716
466,pangody,65.85,74.4859,3.6,98,26,7.34,RU,1675362717
467,piacabucu,-10.4056,-36.4344,83.03,65,70,12.57,BR,1675362717
468,clarence town,-32.5833,151.7833,73.94,49,0,5.26,AU,1675362718
469,puerto leguizamo,-0.1934,-74.7819,95.23,26,14,4.99,CO,1675362718
470,shepsi,44.0361,39.1489,41.16,83,100,11.52,RU,1675362719
471,portland,45.5234,-122.6762,43.2,72,75,5.75,US,1675362687
472,leon,21.1167,-101.6667,69.85,24,22,7.52,MX,1675362628
473,iskele,39.484,26.9278,41.09,87,75,2.3,TR,1675362720
474,george,-33.963,22.4617,65.75,77,75,2.3,ZA,1675362721
475,bama,11.5221,13.6856,75.88,23,7,8.34,NG,1675362721
476,parabel,58.6978,81.4825,7.36,97,99,3.98,RU,1675362722
477,concepcion del oro,24.6333,-101.4167,66.72,21,72,15.17,MX,1675362722
478,hervey bay,-25.2986,152.8535,76.93,88,15,2.06,AU,1675362724
479,wagar,16.1525,36.2032,72.61,51,0,17.72,SD,1675362725
480,alugan,12.2188,125.4808,78.75,85,15,14.5,PH,1675362727
481,bima,-8.4667,118.7167,74.07,95,100,1.45,ID,1675362728
482,demirci,39.0461,28.6589,32.13,87,38,3.13,TR,1675362728
483,omboue,-1.5746,9.2618,80.62,85,91,6.73,GA,1675362729
484,ipira,-12.1583,-39.7372,86.63,45,70,19.73,BR,1675362729
485,gorele,41.0308,39.0031,37.96,62,10,9.17,TR,1675362731
486,tazovskiy,67.4667,78.7,0.05,97,22,7.58,RU,1675362733
487,awbari,26.5921,12.7805,56.17,36,100,10.74,LY,1675362735
488,buala,-8.145,159.5921,78.28,86,100,4.03,SB,1675362735
489,la ronge,55.1001,-105.2842,-18.15,47,20,5.75,CA,1675362662
490,pacific grove,36.6177,-121.9166,55.42,62,0,5.99,US,1675362574
491,ulundi,-28.3352,31.4162,69.98,98,92,0.36,ZA,1675362739
492,seydi,39.4816,62.9137,40.41,82,5,0.74,TM,1675362741
493,camacha,33.0833,-16.3333,58.42,55,40,8.05,PT,1675362742
494,rundu,-17.9333,19.7667,68.04,91,100,6.35,NA,1675362742
495,ahipara,-35.1667,173.1667,70.11,97,100,6.6,NZ,1675362556
496,yelets,52.6237,38.5017,27.9,91,97,7.27,RU,1675362744
497,pangnirtung,66.1451,-65.7125,-18.4,69,100,2.3,CA,1675362745
498,chapais,49.7834,-74.8492,8.38,90,100,5.99,CA,1675362748
499,porto torres,40.835,8.3972,46.58,79,0,2.95,IT,1675362749
500,newala,-10.9431,39.2787,68.95,97,100,4.63,TZ,1675362749
501,saskylakh,71.9167,114.0833,-13.58,99,100,3.11,RU,1675362750
502,kaoma,-14.7833,24.8,64.56,92,18,3.13,ZM,1675362751
503,komsomolskiy,40.4272,71.7189,41.72,81,75,9.22,UZ,1675362756
504,moose factory,51.2585,-80.6094,-11.2,64,100,13.8,CA,1675362757
505,limbang,4.75,115.0,77.11,97,100,1.36,MY,1675362630
506,tshane,-24.0196,21.8684,76.8,60,65,7.36,BW,1675362760
507,cap-aux-meules,47.3821,-61.8597,21.25,63,75,21.85,CA,1675362761
508,pozo colorado,-23.4923,-58.7972,87.01,62,76,2.42,PY,1675362762
509,thinadhoo,0.5333,72.9333,81.88,64,35,13.31,MV,1675362762
510,touros,-5.1989,-35.4608,84.07,66,21,16.96,BR,1675362763
511,fukue,32.6881,128.8419,49.23,59,100,11.77,JP,1675362763
512,parsons,37.3403,-95.2611,43.09,30,0,5.73,US,1675362764
513,bartica,6.4,-58.6167,75.52,66,100,5.95,GY,1675362764
514,soyo,-6.1349,12.3689,81.52,83,100,11.9,AO,1675362765
515,the valley,18.217,-63.0578,82.54,69,20,16.11,AI,1675362627
516,obzor,42.8167,27.8833,41.22,68,100,13.11,BG,1675362766
517,erice,38.037,12.5865,45.07,93,40,2.3,IT,1675362767
518,shetpe,44.1667,52.1167,36.32,86,100,6.33,KZ,1675362767
519,otradnoye,59.7775,30.8181,30.25,98,100,1.61,RU,1675362768
520,virginia beach,36.8529,-75.978,40.05,78,75,6.91,US,1675362715
521,san luis,-33.295,-66.3356,85.93,29,0,12.55,AR,1675362769
522,atar,20.5169,-13.0499,73.47,11,6,9.86,MR,1675362769
523,paris,48.8534,2.3488,50.18,76,100,9.22,FR,1675362770
524,morrope,-6.5417,-80.0111,82.51,44,56,14.18,PE,1675362770
525,anadyr,64.75,177.4833,21.7,68,75,17.9,RU,1675362771
526,santa cruz del sur,20.7147,-77.9956,87.04,46,5,11.1,CU,1675362771
527,mullovka,54.2,49.4,21.02,98,99,4.12,RU,1675362772
528,swift current,50.2834,-107.8014,-3.19,71,0,19.57,CA,1675362567
529,salalah,17.0151,54.0924,73.49,60,20,3.44,OM,1675362712
530,sioux lookout,50.1001,-91.917,-16.53,58,75,17.27,CA,1675362632
531,kurtamysh,54.9103,64.4319,-2.24,98,28,2.84,RU,1675362773
532,ewa beach,21.3156,-158.0072,73.85,84,0,4.61,US,1675362768
533,mattawa,46.7379,-119.9028,30.81,58,100,2.82,US,1675362773
534,dubti,11.7361,41.0853,86.72,33,0,9.78,ET,1675362774
535,marathon,44.9,-89.7668,15.66,50,0,17.27,US,1675362774
536,talas,38.6908,35.5538,23.67,80,40,3.44,TR,1675362775
537,ucluelet,48.9329,-125.5528,45.09,92,100,1.99,CA,1675362635
538,san quintin,30.4833,-115.95,63.0,40,12,3.4,MX,1675362776
539,qaqortoq,60.7167,-46.0333,2.32,91,18,3.76,GL,1675362776
540,stromness,58.965,-3.296,49.96,86,100,23.0,GB,1675362525
541,port said,31.2565,32.2841,60.19,58,95,10.76,EG,1675362777
